{
  "root_cause_top1_accuracy": 1.0,
  "root_cause_top1_count": 20,
  "root_cause_failures": [],
  "grouping_fallback_rate": 0.05,
  "grouping_fallback_count": 1,
  "grouping_llm_success_rate": 0.95,
  "mean_grouping_confidence": 0.8859999999999999,
  "grouping_confidence_distribution": [
    0.88,
    0.95,
    0.95,
    0.88,
    0.88,
    0.88,
    0.95,
    0.95,
    0.88,
    0.88,
    0.88,
    0.88,
    0.95,
    0.95,
    0.95,
    0.3,
    0.95,
    0.95,
    0.95,
    0.88
  ],
  "runbook_grounding_rate": 1.0,
  "runbook_correct_source_rate": 1.0,
  "mean_runbook_confidence": 0.6606605760879771,
  "runbook_confidence_distribution": [
    0.660660576087977,
    0.660660576087977,
    0.660660576087977,
    0.660660576087977,
    0.660660576087977,
    0.660660576087977,
    0.660660576087977,
    0.660660576087977,
    0.660660576087977,
    0.660660576087977,
    0.660660576087977,
    0.660660576087977,
    0.660660576087977,
    0.660660576087977,
    0.660660576087977,
    0.660660576087977,
    0.660660576087977,
    0.660660576087977,
    0.660660576087977,
    0.660660576087977
  ],
  "mean_root_cause_confidence": 1.0,
  "root_cause_confidence_distribution": [
    1.0,
    1.0,
    1.0,
    1.0,
    1.0,
    1.0,
    1.0,
    1.0,
    1.0,
    1.0,
    1.0,
    1.0,
    1.0,
    1.0,
    1.0,
    1.0,
    1.0,
    1.0,
    1.0,
    1.0
  ],
  "graph_only_rate": 0.0,
  "mean_latency_seconds": 17.037529999999997,
  "p50_latency_seconds": 16.444650000000003,
  "p95_latency_seconds": 19.441830000000007,
  "max_latency_seconds": 28.209,
  "latency_distribution": [
    18.9804,
    16.4721,
    15.1667,
    16.0097,
    16.6371,
    17.012,
    16.5091,
    16.3626,
    15.6578,
    17.0406,
    16.1093,
    15.2194,
    16.6361,
    15.6768,
    15.9093,
    28.209,
    16.4172,
    18.0631,
    15.3986,
    17.2637
  ],
  "total_runs": 20,
  "successful_runs": 20,
  "failed_runs": 0,
  "overall_success_rate": 1.0,
  "top_cause_distribution": [
    "db-primary",
    "db-primary",
    "db-primary",
    "db-primary",
    "db-primary",
    "db-primary",
    "db-primary",
    "db-primary",
    "db-primary",
    "db-primary",
    "db-primary",
    "db-primary",
    "db-primary",
    "db-primary",
    "db-primary",
    "db-primary",
    "db-primary",
    "db-primary",
    "db-primary",
    "db-primary"
  ]
}